{
  "custom.slash_fluminaria1": {
    "category": "master",
    "sounds": [
      "fluminaria:custom/fluminaria/slashv1"
    ]
  },
  "custom.slash_fluminaria2": {
    "category": "master",
    "sounds": [
      "fluminaria:custom/fluminaria/slashv2"
    ]
  },
  "custom.slash_fluminaria3": {
    "category": "master",
    "sounds": [
      "fluminaria:custom/fluminaria/slashv3"
    ]
  },
  "custom.slash_fluminaria_brust": {
    "category": "master",
    "sounds": [
      "fluminaria:custom/fluminaria/celestial_brust"
    ]
  },
  "custom.fluminaria_dash": {
    "category": "master",
    "sounds": [
      "fluminaria:custom/fluminaria/dash"
    ]
  }
}