{
	"credit": " Created By KSIRPG",
	"texture_size": [64, 64],
	"textures": {
		"0": "fluminaria:fluminaria_texture/celestialswordofluminaria",
		"particle": "fluminaria:fluminaria_texture/celestialswordofluminaria_e"
	},
	"elements": [
		{
			"from": [7, -7, 7],
			"to": [9, -2, 9],
			"rotation": {"angle": 0, "axis": "y", "origin": [7, 0, 7]},
			"faces": {
				"north": {"uv": [9, 6, 9.5, 7.25], "texture": "#0"},
				"east": {"uv": [9, 7.25, 9.5, 8.5], "texture": "#0"},
				"south": {"uv": [9, 8.5, 9.5, 9.75], "texture": "#0"},
				"west": {"uv": [9.5, 6, 10, 7.25], "texture": "#0"},
				"up": {"uv": [10, 7.75, 9.5, 7.25], "texture": "#0"},
				"down": {"uv": [10, 7.75, 9.5, 8.25], "texture": "#0"}
			}
		},
		{
			"from": [7, -16, 7],
			"to": [9, -14, 9],
			"rotation": {"angle": 0, "axis": "y", "origin": [7, -9, 7]},
			"faces": {
				"north": {"uv": [9.5, 9.75, 10, 10.25], "texture": "#0"},
				"east": {"uv": [10, 0, 10.5, 0.5], "texture": "#0"},
				"south": {"uv": [10, 0.5, 10.5, 1], "texture": "#0"},
				"west": {"uv": [10, 1, 10.5, 1.5], "texture": "#0"},
				"up": {"uv": [10.5, 2, 10, 1.5], "texture": "#0"},
				"down": {"uv": [10.5, 2, 10, 2.5], "texture": "#0"}
			}
		},
		{
			"from": [7.1, -14, 7.1],
			"to": [8.9, -7, 8.9],
			"rotation": {"angle": 0, "axis": "y", "origin": [7, 0, 7]},
			"faces": {
				"north": {"uv": [8, 6, 8.4375, 7.75], "texture": "#0"},
				"east": {"uv": [8, 7.75, 8.4375, 9.5], "texture": "#0"},
				"south": {"uv": [8.5, 6, 8.9375, 7.75], "texture": "#0"},
				"west": {"uv": [8.5, 7.75, 8.9375, 9.5], "texture": "#0"},
				"up": {"uv": [10.4375, 2.9375, 10, 2.5], "texture": "#0"},
				"down": {"uv": [10.4375, 3, 10, 3.4375], "texture": "#0"}
			}
		},
		{
			"from": [-4, -14, 8],
			"to": [4, -2, 8],
			"rotation": {"angle": 45, "axis": "z", "origin": [7, 0, 7]},
			"faces": {
				"north": {"uv": [8, 0, 10, 3], "texture": "#0"},
				"east": {"uv": [0, 0, 0, 3], "texture": "#0"},
				"south": {"uv": [8, 3, 10, 6], "texture": "#0"},
				"west": {"uv": [0, 0, 0, 3], "texture": "#0"},
				"up": {"uv": [2, 0, 0, 0], "texture": "#0"},
				"down": {"uv": [2, 0, 0, 0], "texture": "#0"}
			}
		},
		{
			"from": [8.4, -6, 7.5],
			"to": [10.4, -5, 8.5],
			"rotation": {"angle": -22.5, "axis": "z", "origin": [6.4, -7, 7.5]},
			"faces": {
				"north": {"uv": [10.25, 3.75, 10.75, 4], "texture": "#0"},
				"east": {"uv": [10.25, 6.5, 10.5, 6.75], "texture": "#0"},
				"south": {"uv": [10.25, 4, 10.75, 4.25], "texture": "#0"},
				"west": {"uv": [10.25, 6.75, 10.5, 7], "texture": "#0"},
				"up": {"uv": [10.75, 4.5, 10.25, 4.25], "texture": "#0"},
				"down": {"uv": [10.75, 4.5, 10.25, 4.75], "texture": "#0"}
			}
		},
		{
			"from": [6.999, -2.601, 6.999],
			"to": [9.001, -0.599, 9.001],
			"rotation": {"angle": -45, "axis": "z", "origin": [8, -1.6, 7]},
			"faces": {
				"north": {"uv": [8, 9.5, 8.5, 10], "texture": "#0"},
				"east": {"uv": [9.5, 8.25, 10, 8.75], "texture": "#0"},
				"south": {"uv": [8.5, 9.5, 9, 10], "texture": "#0"},
				"west": {"uv": [9.5, 8.75, 10, 9.25], "texture": "#0"},
				"up": {"uv": [10, 9.75, 9.5, 9.25], "texture": "#0"},
				"down": {"uv": [9.5, 9.75, 9, 10.25], "texture": "#0"}
			}
		},
		{
			"from": [9.001, -2.599, 7.501],
			"to": [9.999, 0.399, 8.499],
			"rotation": {"angle": -45, "axis": "z", "origin": [8, -1.6, 6.5]},
			"faces": {
				"north": {"uv": [10, 3.5, 10.25, 4.25], "texture": "#0"},
				"east": {"uv": [10, 4.25, 10.25, 5], "texture": "#0"},
				"south": {"uv": [10, 5, 10.25, 5.75], "texture": "#0"},
				"west": {"uv": [10, 5.75, 10.25, 6.5], "texture": "#0"},
				"up": {"uv": [9, 10.25, 8.75, 10], "texture": "#0"},
				"down": {"uv": [10.5, 4.75, 10.25, 5], "texture": "#0"}
			}
		},
		{
			"from": [6.001, -2.599, 7.501],
			"to": [6.999, 0.399, 8.499],
			"rotation": {"angle": 45, "axis": "z", "origin": [8, -1.6, 8.5]},
			"faces": {
				"north": {"uv": [10, 6.5, 10.25, 7.25], "texture": "#0"},
				"east": {"uv": [10, 7.25, 10.25, 8], "texture": "#0"},
				"south": {"uv": [8, 10, 8.25, 10.75], "texture": "#0"},
				"west": {"uv": [10, 8, 10.25, 8.75], "texture": "#0"},
				"up": {"uv": [10.5, 5.75, 10.25, 5.5], "texture": "#0"},
				"down": {"uv": [10.5, 5.75, 10.25, 6], "texture": "#0"}
			}
		},
		{
			"from": [10.1, -1.9, 7.5],
			"to": [12.1, -0.9, 8.5],
			"rotation": {"angle": 0, "axis": "y", "origin": [11.1, 0.1, 6.5]},
			"faces": {
				"north": {"uv": [8.25, 10, 8.75, 10.25], "texture": "#0"},
				"east": {"uv": [10.25, 5, 10.5, 5.25], "texture": "#0"},
				"south": {"uv": [10, 8.75, 10.5, 9], "texture": "#0"},
				"west": {"uv": [10.25, 5.25, 10.5, 5.5], "texture": "#0"},
				"up": {"uv": [10.5, 9.25, 10, 9], "texture": "#0"},
				"down": {"uv": [10.5, 9.25, 10, 9.5], "texture": "#0"}
			}
		},
		{
			"from": [3.9, -1.9, 7.5],
			"to": [5.9, -0.9, 8.5],
			"rotation": {"angle": 0, "axis": "y", "origin": [4.9, 0.1, 6.5]},
			"faces": {
				"north": {"uv": [10, 9.5, 10.5, 9.75], "texture": "#0"},
				"east": {"uv": [10.25, 6, 10.5, 6.25], "texture": "#0"},
				"south": {"uv": [10, 9.75, 10.5, 10], "texture": "#0"},
				"west": {"uv": [10.25, 6.25, 10.5, 6.5], "texture": "#0"},
				"up": {"uv": [10.5, 10.25, 10, 10], "texture": "#0"},
				"down": {"uv": [10.75, 3.5, 10.25, 3.75], "texture": "#0"}
			}
		},
		{
			"from": [0.001, -10.999, 8.001],
			"to": [15.999, 32, 7.999],
			"rotation": {"angle": 0, "axis": "y", "origin": [7, 0, 7]},
			"faces": {
				"north": {"uv": [0, 0, 4, 10.75], "texture": "#0"},
				"east": {"uv": [0, 0, 0, 10.75], "texture": "#0"},
				"south": {"uv": [4, 0, 8, 10.75], "texture": "#0"},
				"west": {"uv": [0, 0, 0, 10.75], "texture": "#0"},
				"up": {"uv": [4, 0, 0, 0], "texture": "#0"},
				"down": {"uv": [4, 0, 0, 0], "texture": "#0"}
			}
		}
	],
	"display": {
		"thirdperson_righthand": {
			"rotation": [-5.47, 88.5, 7.5],
			"translation": [0, 17.25, 2]
		},
		"thirdperson_lefthand": {
			"rotation": [64.59, -0.29, 128.49],
			"translation": [-6.25, -6, 8.5]
		},
		"firstperson_righthand": {
			"rotation": [-10.25, 90, 0],
			"translation": [10, 7.25, -12.5],
			"scale": [1.09375, 1.09375, 1.09375]
		},
		"firstperson_lefthand": {
			"rotation": [-10.25, 90, 0],
			"translation": [10, 11.75, -12.5],
			"scale": [0, 0, 0]
		},
		"ground": {
			"translation": [0, 21.5, 0]
		},
		"gui": {
			"rotation": [0, 0, 45],
			"scale": [0.46875, 0.46875, 0.46875]
		},
		"fixed": {
			"rotation": [76.25, 0, 0],
			"translation": [0, -6.5, -24.75],
			"scale": [2.02148, 2.02148, 2.02148]
		}
	}
}